vignette_id,condition,time_to_info,accuracy,n_queries_issued,latency_ms,cognitive_load,tlx_mental,tlx_physical,tlx_temporal,tlx_performance,tlx_effort,tlx_frustration,period,specialty,experience_group,complexity,n_pivots,condition_code,ablation_variant
V001,cma,20.09,1,1,147.35,32.17,29.53,7.01,27.49,80.51,28.96,19.51,1,emergency,<5_years,low,0,1,Full GDT
V001,control,25.12,1,1,179.05,38.34,46.9,7.55,41.63,71.26,44.55,18.16,2,emergency,<5_years,low,0,0,Full GDT
V001,bm25,22.49,1,1,166.77,37.19,37.54,9.49,43.7,69.83,36.65,25.94,3,emergency,<5_years,low,0,0,Full GDT
V001,gdt,19.53,1,1,121.9,24.17,21.61,2.55,14.11,75.32,31.4,0.0,4,emergency,<5_years,low,0,1,Full GDT
V002,bm25,89.29,1,4,200.7,52.43,71.62,19.05,64.69,55.67,63.47,40.1,1,internal_medicine,<5_years,high,2,0,Full GDT
V002,cma,89.42,1,4,138.79,46.21,57.42,9.74,56.47,62.39,58.01,33.24,2,internal_medicine,<5_years,high,2,1,Full GDT
V002,control,96.71,1,4,192.82,55.4,73.26,18.91,70.24,59.92,69.29,40.79,3,internal_medicine,<5_years,high,2,0,Full GDT
V002,gdt,76.82,1,4,123.97,41.87,49.58,12.15,52.63,62.23,47.73,26.94,4,internal_medicine,<5_years,high,2,1,Full GDT
V003,cma,55.63,1,3,145.02,39.02,48.37,11.62,39.77,71.94,39.69,22.71,1,critical_care,>=5_years,low,0,1,Full GDT
V003,gdt,63.87,1,3,130.29,38.82,42.79,12.64,41.12,66.88,44.03,25.43,2,critical_care,>=5_years,low,0,1,Full GDT
V003,control,66.84,1,3,188.23,48.91,66.95,12.59,59.62,64.8,57.1,32.4,3,critical_care,>=5_years,low,0,0,Full GDT
V003,bm25,66.86,1,3,176.28,50.73,69.28,17.76,57.79,65.73,57.05,36.78,4,critical_care,>=5_years,low,0,0,Full GDT
V004,control,47.93,1,2,163.37,46.31,55.75,16.24,46.36,68.8,56.28,34.46,1,emergency,<5_years,low,0,0,Full GDT
V004,gdt,36.88,1,2,127.89,34.62,40.49,11.28,26.41,80.03,30.08,19.39,2,emergency,<5_years,low,0,1,Full GDT
V004,bm25,45.78,1,2,203.43,44.71,48.99,17.34,47.83,66.67,54.41,33.02,3,emergency,<5_years,low,0,0,Full GDT
V004,cma,40.59,1,2,127.96,36.84,40.9,11.41,34.36,77.89,42.72,13.75,4,emergency,<5_years,low,0,1,Full GDT
V005,cma,19.46,1,1,154.74,30.71,34.65,3.99,23.79,80.84,35.48,5.49,1,critical_care,<5_years,low,0,1,Full GDT
V005,control,22.54,1,1,168.4,39.59,37.69,17.78,35.17,75.34,41.68,29.87,2,critical_care,<5_years,low,0,0,Full GDT
V005,bm25,23.36,1,1,210.69,39.28,43.09,10.26,37.78,76.41,41.78,26.37,3,critical_care,<5_years,low,0,0,Full GDT
V005,gdt,22.69,1,1,104.88,29.92,28.23,11.54,24.69,80.44,26.2,8.44,4,critical_care,<5_years,low,0,1,Full GDT
V006,control,72.01,1,3,173.61,48.53,60.06,16.45,56.12,66.49,58.75,33.34,1,internal_medicine,>=5_years,low,1,0,Full GDT
V006,bm25,60.57,1,3,192.8,46.94,57.79,13.09,53.28,61.92,58.72,36.83,2,internal_medicine,>=5_years,low,1,0,Full GDT
V006,gdt,54.26,1,3,117.67,40.79,46.3,14.07,46.09,73.85,40.34,24.11,3,internal_medicine,>=5_years,low,1,1,Full GDT
V006,cma,62.43,1,3,132.81,41.94,48.21,13.47,44.24,68.17,49.75,27.81,4,internal_medicine,>=5_years,low,1,1,Full GDT
V007,gdt,16.83,1,1,137.25,28.2,20.92,5.08,20.38,83.75,24.59,14.48,1,hospital_medicine,>=5_years,low,0,1,Full GDT
V007,cma,17.67,1,1,144.68,31.23,28.02,12.87,27.4,82.51,25.01,11.57,2,hospital_medicine,>=5_years,low,0,1,Full GDT
V007,bm25,21.55,1,1,197.23,39.68,40.49,10.08,45.35,74.76,38.33,29.11,3,hospital_medicine,>=5_years,low,0,0,Full GDT
V007,control,21.52,1,1,216.56,38.86,41.61,6.27,40.94,71.88,45.77,26.71,4,hospital_medicine,>=5_years,low,0,0,Full GDT
V008,control,91.3,1,4,182.1,51.07,69.41,8.66,69.81,54.5,70.41,33.62,1,internal_medicine,>=5_years,high,2,0,Full GDT
V008,bm25,89.08,1,4,196.64,55.75,69.78,22.25,66.31,61.09,67.37,47.71,2,internal_medicine,>=5_years,high,2,0,Full GDT
V008,gdt,77.13,1,4,127.79,42.51,60.48,16.44,47.02,61.21,43.83,26.06,3,internal_medicine,>=5_years,high,2,1,Full GDT
V008,cma,81.79,1,4,136.6,44.44,54.56,19.42,43.97,56.44,58.25,34.01,4,internal_medicine,>=5_years,high,2,1,Full GDT
V009,bm25,140.84,0,1,205.82,59.78,78.73,20.99,81.21,49.44,79.64,48.64,1,internal_medicine,>=5_years,low,0,0,Full GDT
V009,control,21.76,1,1,192.23,41.13,49.54,19.22,46.55,69.18,44.53,17.78,2,internal_medicine,>=5_years,low,0,0,Full GDT
V009,cma,15.98,1,1,154.46,28.14,25.28,4.54,27.22,72.96,21.01,17.83,3,internal_medicine,>=5_years,low,0,1,Full GDT
V009,gdt,19.14,1,1,126.69,32.1,27.33,8.27,32.13,85.64,30.33,8.89,4,internal_medicine,>=5_years,low,0,1,Full GDT
V010,bm25,46.77,1,2,192.73,44.78,52.58,19.08,46.5,63.67,52.68,34.18,1,emergency,>=5_years,low,0,0,Full GDT
V010,control,46.74,1,2,192.0,46.46,51.06,17.72,53.4,74.27,51.56,30.72,2,emergency,>=5_years,low,0,0,Full GDT
V010,cma,42.2,1,2,140.97,37.37,43.81,18.27,33.24,78.21,33.02,17.69,3,emergency,>=5_years,low,0,1,Full GDT
V010,gdt,38.22,1,2,115.89,33.35,36.17,8.62,26.47,83.58,31.41,13.85,4,emergency,>=5_years,low,0,1,Full GDT
V011,control,64.12,1,3,185.43,50.97,63.59,19.46,63.25,61.95,63.95,33.63,1,hospital_medicine,<5_years,low,1,0,Full GDT
V011,cma,60.99,1,3,148.12,36.5,41.18,9.67,44.32,60.62,41.33,21.9,2,hospital_medicine,<5_years,low,1,1,Full GDT
V011,bm25,67.74,1,3,206.14,47.36,57.04,18.26,57.81,57.4,57.57,36.11,3,hospital_medicine,<5_years,low,1,0,Full GDT
V011,gdt,55.56,1,3,123.4,37.91,43.61,9.95,36.73,72.69,43.14,21.35,4,hospital_medicine,<5_years,low,1,1,Full GDT
V012,control,42.5,1,2,205.49,45.27,46.88,16.44,52.15,65.53,59.24,31.36,1,critical_care,>=5_years,low,0,0,Full GDT
V012,bm25,46.5,1,2,167.69,43.73,51.41,11.22,53.59,68.68,45.91,31.59,2,critical_care,>=5_years,low,0,0,Full GDT
V012,gdt,37.85,1,2,139.89,32.18,37.67,9.26,25.59,74.67,28.77,17.13,3,critical_care,>=5_years,low,0,1,Full GDT
V012,cma,41.85,1,2,129.59,36.79,38.04,20.6,34.05,70.33,40.85,16.88,4,critical_care,>=5_years,low,0,1,Full GDT
V013,gdt,77.56,1,4,123.76,41.09,52.37,10.75,45.12,64.33,47.07,26.91,1,emergency,>=5_years,high,0,1,Full GDT
V013,cma,88.24,1,4,142.64,45.52,59.39,8.87,56.87,64.6,52.69,30.7,2,emergency,>=5_years,high,0,1,Full GDT
V013,control,96.47,1,4,175.38,54.99,77.89,14.64,70.96,53.97,68.0,44.48,3,emergency,>=5_years,high,0,0,Full GDT
V013,bm25,88.96,1,4,194.25,54.31,63.39,23.37,66.05,58.37,74.01,40.66,4,emergency,>=5_years,high,0,0,Full GDT
V014,bm25,89.83,1,4,184.25,51.6,69.18,16.59,68.66,52.17,67.88,35.09,1,internal_medicine,<5_years,high,2,0,Full GDT
V014,control,94.47,1,4,190.15,54.82,69.49,17.17,68.95,58.87,75.47,38.98,2,internal_medicine,<5_years,high,2,0,Full GDT
V014,gdt,77.0,1,4,126.91,45.17,52.24,12.66,49.46,75.22,60.27,21.15,3,internal_medicine,<5_years,high,2,1,Full GDT
V014,cma,83.47,1,4,148.21,48.08,58.77,18.78,53.31,64.71,63.48,29.44,4,internal_medicine,<5_years,high,2,1,Full GDT
V015,bm25,45.59,1,2,199.13,43.38,56.51,15.62,51.1,60.5,49.04,27.5,1,hospital_medicine,>=5_years,low,1,0,Full GDT
V015,control,46.76,1,2,184.33,45.49,58.77,12.86,50.83,66.97,54.38,29.11,2,hospital_medicine,>=5_years,low,1,0,Full GDT
V015,cma,38.33,1,2,152.93,33.84,40.65,9.42,30.48,74.63,31.35,16.48,3,hospital_medicine,>=5_years,low,1,1,Full GDT
V015,gdt,41.93,1,2,135.66,32.26,36.73,10.17,25.4,78.61,28.86,13.81,4,hospital_medicine,>=5_years,low,1,1,Full GDT
V016,cma,18.9,1,1,155.16,34.73,30.9,15.77,30.62,84.61,31.53,14.95,1,hospital_medicine,<5_years,low,0,1,Full GDT
V016,gdt,20.84,1,1,123.18,28.51,26.57,8.06,21.55,83.68,19.04,12.15,2,hospital_medicine,<5_years,low,0,1,Full GDT
V016,bm25,22.57,1,1,180.32,39.22,43.45,8.36,41.86,73.43,40.93,27.31,3,hospital_medicine,<5_years,low,0,0,Full GDT
V016,control,22.81,1,1,199.33,34.78,36.54,14.35,35.36,62.92,37.75,21.77,4,hospital_medicine,<5_years,low,0,0,Full GDT
V017,control,77.85,1,3,204.97,51.4,67.24,12.47,61.21,60.6,62.17,44.68,1,internal_medicine,>=5_years,high,2,0,Full GDT
V017,gdt,59.0,1,3,129.65,37.24,44.18,10.75,33.83,71.53,43.01,20.12,2,internal_medicine,>=5_years,high,2,1,Full GDT
V017,bm25,67.82,1,3,193.1,51.11,57.85,20.13,60.01,64.66,65.14,38.88,3,internal_medicine,>=5_years,high,2,0,Full GDT
V017,cma,53.81,1,3,155.32,41.32,52.47,15.75,36.59,71.69,40.87,30.53,4,internal_medicine,>=5_years,high,2,1,Full GDT
V018,cma,44.85,1,2,142.67,38.81,43.11,12.44,38.78,70.73,38.82,28.99,1,critical_care,<5_years,low,1,1,Full GDT
V018,control,45.65,1,2,170.74,43.17,52.15,16.08,47.57,57.08,56.42,29.72,2,critical_care,<5_years,low,1,0,Full GDT
V018,bm25,153.78,0,2,188.86,60.65,84.12,19.15,84.94,36.48,90.11,49.09,3,critical_care,<5_years,low,1,0,Full GDT
V018,gdt,39.64,1,2,123.56,31.5,34.54,8.41,25.8,70.2,31.73,18.35,4,critical_care,<5_years,low,1,1,Full GDT
V019,gdt,102.24,1,5,119.96,47.78,60.42,15.18,55.79,64.52,60.62,30.15,1,critical_care,<5_years,high,0,1,Full GDT
V019,cma,99.2,1,5,153.68,50.02,71.13,18.62,60.37,65.62,55.08,29.29,2,critical_care,<5_years,high,0,1,Full GDT
V019,bm25,120.73,1,5,187.56,61.27,81.31,23.56,77.46,50.1,80.64,54.57,3,critical_care,<5_years,high,0,0,Full GDT
V019,control,107.76,1,5,178.69,57.78,77.7,14.1,78.94,52.42,73.67,49.83,4,critical_care,<5_years,high,0,0,Full GDT
V020,cma,103.44,1,5,156.96,50.91,65.53,25.1,61.32,57.68,64.11,31.74,1,internal_medicine,<5_years,high,1,1,Full GDT
V020,control,119.68,1,5,197.33,59.58,77.18,19.56,76.98,51.33,83.09,49.35,2,internal_medicine,<5_years,high,1,0,Full GDT
V020,gdt,90.92,1,5,141.81,47.55,64.81,14.47,56.23,60.72,54.94,34.14,3,internal_medicine,<5_years,high,1,1,Full GDT
V020,bm25,116.15,1,5,217.87,60.89,83.5,21.49,84.76,49.4,78.83,47.37,4,internal_medicine,<5_years,high,1,0,Full GDT
V021,bm25,25.52,1,1,191.84,41.79,48.03,20.18,46.68,73.16,42.65,20.02,1,emergency,>=5_years,low,0,0,Full GDT
V021,cma,20.98,1,1,166.85,31.43,36.9,11.23,21.71,79.15,23.84,15.75,2,emergency,>=5_years,low,0,1,Full GDT
V021,gdt,19.2,1,1,111.07,25.98,27.34,5.33,11.98,74.57,24.4,12.24,3,emergency,>=5_years,low,0,1,Full GDT
V021,control,23.7,1,1,195.45,37.31,33.28,13.48,32.57,70.01,44.92,29.59,4,emergency,>=5_years,low,0,0,Full GDT
V022,cma,60.94,1,3,138.16,37.86,41.98,14.54,41.46,60.52,47.19,21.51,1,internal_medicine,>=5_years,low,0,1,Full GDT
V022,gdt,60.11,1,3,118.92,38.07,44.54,13.63,35.74,71.04,40.21,23.28,2,internal_medicine,>=5_years,low,0,1,Full GDT
V022,control,61.54,1,3,182.74,46.76,58.5,21.65,55.36,58.49,53.25,33.29,3,internal_medicine,>=5_years,low,0,0,Full GDT
V022,bm25,63.95,1,3,209.06,50.13,64.55,21.88,64.06,58.17,59.11,33.0,4,internal_medicine,>=5_years,low,0,0,Full GDT
V023,cma,98.6,1,5,152.17,48.93,63.84,21.69,58.12,57.91,55.94,36.11,1,hospital_medicine,>=5_years,high,2,1,Full GDT
V023,bm25,119.22,1,5,182.87,59.11,81.63,21.56,71.77,49.95,78.43,51.35,2,hospital_medicine,>=5_years,high,2,0,Full GDT
V023,control,118.13,1,5,189.94,60.46,89.03,29.29,80.25,49.54,72.37,42.28,3,hospital_medicine,>=5_years,high,2,0,Full GDT
V023,gdt,97.27,1,5,132.74,42.55,60.85,11.1,49.97,51.67,53.72,27.97,4,hospital_medicine,>=5_years,high,2,1,Full GDT
V024,cma,18.92,1,1,177.36,29.29,25.1,6.93,30.38,75.48,24.6,13.25,1,hospital_medicine,>=5_years,low,0,1,Full GDT
V024,gdt,20.6,1,1,160.01,26.95,22.8,2.09,16.92,76.92,29.83,13.16,2,hospital_medicine,>=5_years,low,0,1,Full GDT
V024,control,22.21,1,1,163.6,38.66,43.09,11.57,40.06,70.29,42.67,24.28,3,hospital_medicine,>=5_years,low,0,0,Full GDT
V024,bm25,17.75,1,1,184.88,37.97,44.27,8.25,41.73,68.22,37.64,27.7,4,hospital_medicine,>=5_years,low,0,0,Full GDT
V025,gdt,38.67,1,2,127.34,34.24,29.55,14.28,31.15,77.57,34.14,18.76,1,hospital_medicine,>=5_years,low,0,1,Full GDT
V025,cma,46.65,1,2,146.59,38.39,41.75,10.01,39.93,73.53,42.77,22.34,2,hospital_medicine,>=5_years,low,0,1,Full GDT
V025,control,48.59,1,2,193.43,42.35,53.49,16.84,45.99,62.84,48.06,26.92,3,hospital_medicine,>=5_years,low,0,0,Full GDT
V025,bm25,50.81,1,2,187.34,46.1,57.07,13.63,56.88,71.07,49.5,28.43,4,hospital_medicine,>=5_years,low,0,0,Full GDT
V026,cma,76.82,1,4,130.25,45.89,50.41,13.84,54.54,66.17,57.51,32.86,1,emergency,>=5_years,high,1,1,Full GDT
V026,bm25,90.72,1,4,200.0,54.85,78.96,22.0,68.47,53.38,66.66,39.63,2,emergency,>=5_years,high,1,0,Full GDT
V026,control,88.34,1,4,187.75,54.97,70.08,18.99,69.29,57.4,71.14,42.92,3,emergency,>=5_years,high,1,0,Full GDT
V026,gdt,69.8,1,4,130.61,41.87,52.98,12.04,42.98,66.95,47.08,29.21,4,emergency,>=5_years,high,1,1,Full GDT
V027,cma,23.01,1,1,129.13,31.82,25.35,10.48,31.38,80.84,33.53,9.33,1,emergency,>=5_years,low,0,1,Full GDT
V027,bm25,21.69,1,1,163.87,38.68,50.66,14.37,35.12,69.46,34.78,27.7,2,emergency,>=5_years,low,0,0,Full GDT
V027,control,21.0,1,1,233.04,37.84,40.35,8.47,40.9,70.47,40.7,26.15,3,emergency,>=5_years,low,0,0,Full GDT
V027,gdt,20.71,1,1,127.04,27.54,19.01,8.3,18.91,79.79,18.54,20.68,4,emergency,>=5_years,low,0,1,Full GDT
V028,cma,56.85,1,3,160.74,40.63,41.26,15.1,36.2,68.35,50.23,32.65,1,hospital_medicine,>=5_years,high,2,1,Full GDT
V028,control,73.24,1,3,188.65,52.3,70.76,21.66,62.44,54.76,63.71,40.46,2,hospital_medicine,>=5_years,high,2,0,Full GDT
V028,bm25,70.36,1,3,174.37,50.13,62.9,17.06,55.92,62.7,58.48,43.74,3,hospital_medicine,>=5_years,high,2,0,Full GDT
V028,gdt,55.32,1,3,129.96,34.47,35.59,8.02,33.46,71.68,39.0,19.06,4,hospital_medicine,>=5_years,high,2,1,Full GDT
V029,cma,16.72,1,1,134.79,31.65,34.65,9.22,26.58,74.88,27.87,16.68,1,hospital_medicine,<5_years,low,0,1,Full GDT
V029,control,25.14,1,1,196.18,37.67,51.17,9.87,37.15,73.67,38.11,16.04,2,hospital_medicine,<5_years,low,0,0,Full GDT
V029,bm25,26.59,1,1,162.44,40.51,40.82,8.96,40.04,76.55,44.59,32.09,3,hospital_medicine,<5_years,low,0,0,Full GDT
V029,gdt,17.59,1,1,116.0,30.65,31.46,9.78,19.55,84.51,27.18,11.43,4,hospital_medicine,<5_years,low,0,1,Full GDT
V030,gdt,36.91,1,2,131.28,30.42,35.93,3.26,17.95,74.16,31.58,19.61,1,internal_medicine,>=5_years,low,0,1,Full GDT
V030,control,48.4,1,2,213.83,46.46,51.2,10.19,61.8,70.65,48.41,36.51,2,internal_medicine,>=5_years,low,0,0,Full GDT
V030,cma,41.04,1,2,143.9,35.75,37.88,12.45,32.56,72.66,42.98,16.0,3,internal_medicine,>=5_years,low,0,1,Full GDT
V030,bm25,150.8,0,2,212.82,63.49,95.91,22.31,83.36,39.2,87.58,52.57,4,internal_medicine,>=5_years,low,0,0,Full GDT
V001,gdt,17.26,1,1,127.43,28.1,24.23,4.47,20.68,81.52,21.59,16.1,1,emergency,<5_years,low,0,1,GSI only
V001,bm25,20.45,1,1,163.26,36.21,38.13,8.26,37.14,72.93,38.08,22.75,2,emergency,<5_years,low,0,0,GSI only
V001,control,20.0,1,1,173.52,38.77,49.26,10.36,38.77,67.17,44.82,22.25,3,emergency,<5_years,low,0,0,GSI only
V001,cma,18.4,1,1,145.57,31.17,26.34,11.34,28.07,85.74,27.47,8.05,4,emergency,<5_years,low,0,1,GSI only
V002,control,86.73,1,4,198.89,52.01,68.87,16.77,63.24,59.41,63.72,40.06,1,internal_medicine,<5_years,high,2,0,GSI only
V002,gdt,74.25,1,4,132.93,44.94,54.28,21.59,54.41,69.23,47.26,22.87,2,internal_medicine,<5_years,high,2,1,GSI only
V002,bm25,93.27,1,4,203.61,55.32,71.26,14.53,74.6,50.35,76.36,44.8,3,internal_medicine,<5_years,high,2,0,GSI only
V002,cma,88.81,1,4,153.28,47.85,59.88,19.65,49.18,63.65,59.75,35.01,4,internal_medicine,<5_years,high,2,1,GSI only
V003,control,74.43,1,3,189.02,49.7,66.15,11.69,64.39,59.82,59.76,36.39,1,critical_care,>=5_years,low,0,0,GSI only
V003,cma,58.48,1,3,143.58,42.74,49.74,14.87,43.51,74.8,50.71,22.82,2,critical_care,>=5_years,low,0,1,GSI only
V003,bm25,71.4,1,3,199.86,49.43,60.97,16.44,64.14,58.37,62.57,34.12,3,critical_care,>=5_years,low,0,0,GSI only
V003,gdt,57.3,1,3,131.52,39.38,44.42,13.11,46.41,68.3,40.38,23.64,4,critical_care,>=5_years,low,0,1,GSI only
V004,gdt,38.0,1,2,131.74,32.3,35.0,8.71,27.92,71.7,30.02,20.48,1,emergency,<5_years,low,0,1,GSI only
V004,cma,37.78,1,2,152.86,38.07,39.45,16.03,34.3,80.55,36.01,22.06,2,emergency,<5_years,low,0,1,GSI only
V004,bm25,47.34,1,2,174.9,46.68,59.33,14.97,59.24,70.61,49.97,25.96,3,emergency,<5_years,low,0,0,GSI only
V004,control,45.7,1,2,175.35,42.99,48.59,15.64,54.79,62.91,46.97,29.03,4,emergency,<5_years,low,0,0,GSI only
V005,control,21.33,1,1,189.86,38.65,47.05,14.83,34.99,69.95,39.39,25.68,1,critical_care,<5_years,low,0,0,GSI only
V005,bm25,25.38,1,1,209.2,36.06,36.87,10.53,36.32,71.96,35.69,24.98,2,critical_care,<5_years,low,0,0,GSI only
V005,cma,18.95,1,1,138.79,32.65,33.54,8.39,26.93,80.1,31.98,14.97,3,critical_care,<5_years,low,0,1,GSI only
V005,gdt,18.34,1,1,115.3,26.09,17.25,1.8,20.44,85.07,21.15,10.84,4,critical_care,<5_years,low,0,1,GSI only
V006,cma,59.68,1,3,140.53,41.1,51.24,14.11,42.4,65.82,48.49,24.52,1,internal_medicine,>=5_years,low,1,1,GSI only
V006,gdt,57.82,1,3,128.29,40.33,43.37,8.16,44.17,72.3,48.4,25.57,2,internal_medicine,>=5_years,low,1,1,GSI only
V006,bm25,73.5,1,3,202.06,48.98,66.64,14.58,64.27,52.36,56.02,39.99,3,internal_medicine,>=5_years,low,1,0,GSI only
V006,control,63.8,1,3,191.45,48.86,61.39,21.02,55.47,63.03,54.98,37.29,4,internal_medicine,>=5_years,low,1,0,GSI only
V007,control,21.63,1,1,191.57,36.95,42.87,7.69,40.96,67.17,41.73,21.29,1,hospital_medicine,>=5_years,low,0,0,GSI only
V007,bm25,21.97,1,1,176.31,35.21,38.62,9.45,31.32,71.01,43.76,17.09,2,hospital_medicine,>=5_years,low,0,0,GSI only
V007,cma,18.98,1,1,171.99,33.02,34.68,13.08,25.7,79.97,24.85,19.82,3,hospital_medicine,>=5_years,low,0,1,GSI only
V007,gdt,21.2,1,1,125.96,31.58,23.4,14.83,21.68,83.26,28.22,18.08,4,hospital_medicine,>=5_years,low,0,1,GSI only
V008,control,96.37,1,4,198.36,52.41,71.46,13.39,70.82,49.11,63.23,46.46,1,internal_medicine,>=5_years,high,2,0,GSI only
V008,cma,80.77,1,4,147.1,45.48,55.86,15.95,45.57,70.33,54.53,30.62,2,internal_medicine,>=5_years,high,2,1,GSI only
V008,bm25,89.56,1,4,189.15,53.44,70.26,17.63,69.4,56.93,65.77,40.64,3,internal_medicine,>=5_years,high,2,0,GSI only
V008,gdt,69.77,1,4,123.73,41.76,50.62,13.41,42.88,66.74,50.65,26.26,4,internal_medicine,>=5_years,high,2,1,GSI only
V009,cma,16.96,1,1,149.65,29.88,32.06,12.17,19.49,82.29,24.41,8.89,1,internal_medicine,>=5_years,low,0,1,GSI only
V009,gdt,19.5,1,1,105.96,28.39,30.07,6.88,19.65,88.03,20.49,5.23,2,internal_medicine,>=5_years,low,0,1,GSI only
V009,control,24.08,1,1,158.38,38.55,35.24,9.99,39.36,71.19,43.65,31.84,3,internal_medicine,>=5_years,low,0,0,GSI only
V009,bm25,119.95,0,1,208.75,54.04,69.03,14.28,74.45,58.12,73.66,34.7,4,internal_medicine,>=5_years,low,0,0,GSI only
V010,control,49.59,1,2,179.13,44.69,56.67,23.15,48.85,67.25,49.6,22.63,1,emergency,>=5_years,low,0,0,GSI only
V010,cma,38.1,1,2,136.48,33.26,37.14,7.04,31.73,70.5,33.87,19.27,2,emergency,>=5_years,low,0,1,GSI only
V010,gdt,36.15,1,2,128.1,34.45,38.43,7.65,32.12,77.09,34.63,16.75,3,emergency,>=5_years,low,0,1,GSI only
V010,bm25,44.42,1,2,204.5,45.2,52.91,13.16,49.14,67.84,47.66,40.47,4,emergency,>=5_years,low,0,0,GSI only
V011,control,74.64,1,3,172.14,50.95,67.72,10.83,58.08,59.28,67.9,41.9,1,hospital_medicine,<5_years,low,1,0,GSI only
V011,cma,64.38,1,3,150.38,41.63,45.96,8.45,51.77,66.72,49.07,27.85,2,hospital_medicine,<5_years,low,1,1,GSI only
V011,gdt,59.29,1,3,129.5,37.19,39.36,9.55,38.87,75.73,34.51,25.1,3,hospital_medicine,<5_years,low,1,1,GSI only
V011,bm25,63.59,1,3,184.1,46.5,64.64,15.86,59.02,54.08,55.64,29.78,4,hospital_medicine,<5_years,low,1,0,GSI only
V012,cma,36.66,1,2,154.09,34.46,35.58,8.67,35.04,75.85,33.26,18.34,1,critical_care,>=5_years,low,0,1,GSI only
V012,bm25,46.52,1,2,180.5,41.85,51.99,8.19,50.58,68.74,45.14,26.45,2,critical_care,>=5_years,low,0,0,GSI only
V012,control,47.29,1,2,196.66,46.15,50.42,22.32,49.26,66.45,54.49,33.96,3,critical_care,>=5_years,low,0,0,GSI only
V012,gdt,37.4,1,2,132.04,32.17,36.22,0.0,31.91,78.73,27.9,18.29,4,critical_care,>=5_years,low,0,1,GSI only
V013,bm25,88.87,1,4,197.43,53.64,74.97,18.41,71.77,48.38,69.8,38.49,1,emergency,>=5_years,high,0,0,GSI only
V013,gdt,83.06,1,4,129.46,46.36,52.21,23.5,54.63,68.23,50.88,28.7,2,emergency,>=5_years,high,0,1,GSI only
V013,cma,73.68,1,4,141.64,42.44,58.76,8.79,45.92,68.36,52.3,20.5,3,emergency,>=5_years,high,0,1,GSI only
V013,control,96.36,1,4,187.85,55.03,74.66,21.85,66.49,57.56,69.97,39.65,4,emergency,>=5_years,high,0,0,GSI only
V014,control,88.41,1,4,193.47,53.38,78.76,24.28,67.35,51.28,62.06,36.56,1,internal_medicine,<5_years,high,2,0,GSI only
V014,gdt,78.81,1,4,130.67,43.26,52.07,15.87,45.64,64.84,53.66,27.48,2,internal_medicine,<5_years,high,2,1,GSI only
V014,cma,80.59,1,4,146.81,44.66,58.63,18.19,54.16,56.5,52.88,27.62,3,internal_medicine,<5_years,high,2,1,GSI only
V014,bm25,97.13,1,4,183.51,55.63,77.59,20.94,64.03,54.64,73.03,43.55,4,internal_medicine,<5_years,high,2,0,GSI only
V015,cma,39.93,1,2,133.09,35.81,38.51,11.47,33.27,78.0,37.23,16.37,1,hospital_medicine,>=5_years,low,1,1,GSI only
V015,control,47.78,1,2,182.7,48.8,64.89,17.67,52.42,67.22,54.72,35.89,2,hospital_medicine,>=5_years,low,1,0,GSI only
V015,bm25,44.79,1,2,188.89,43.97,55.15,12.36,51.4,60.73,52.51,31.69,3,hospital_medicine,>=5_years,low,1,0,GSI only
V015,gdt,35.68,1,2,130.08,35.85,42.06,12.14,32.14,78.55,32.99,17.22,4,hospital_medicine,>=5_years,low,1,1,GSI only
V016,control,27.77,1,1,199.25,41.71,42.2,14.85,42.48,75.01,48.18,27.56,1,hospital_medicine,<5_years,low,0,0,GSI only
V016,cma,20.31,1,1,160.58,30.12,24.64,7.3,19.56,84.64,31.16,13.42,2,hospital_medicine,<5_years,low,0,1,GSI only
V016,bm25,24.85,1,1,209.36,39.72,47.2,18.35,43.48,69.49,39.43,20.38,3,hospital_medicine,<5_years,low,0,0,GSI only
V016,gdt,19.42,1,1,113.49,29.6,24.37,12.5,21.7,76.75,27.31,14.96,4,hospital_medicine,<5_years,low,0,1,GSI only
V017,cma,57.68,1,3,139.1,41.59,51.26,8.04,48.12,72.89,42.29,26.92,1,internal_medicine,>=5_years,high,2,1,GSI only
V017,bm25,71.5,1,3,186.06,52.5,64.99,22.34,57.08,66.18,64.57,39.81,2,internal_medicine,>=5_years,high,2,0,GSI only
V017,control,67.22,1,3,174.46,50.86,64.63,16.83,60.49,66.1,60.42,36.7,3,internal_medicine,>=5_years,high,2,0,GSI only
V017,gdt,61.24,1,3,130.11,40.45,48.27,16.3,40.93,76.34,42.42,18.42,4,internal_medicine,>=5_years,high,2,1,GSI only
V018,cma,37.54,1,2,127.57,35.53,42.23,9.82,34.92,77.57,29.99,18.63,1,critical_care,<5_years,low,1,1,GSI only
V018,control,51.34,1,2,188.13,44.31,53.41,19.45,48.26,65.47,55.87,23.36,2,critical_care,<5_years,low,1,0,GSI only
V018,gdt,39.74,1,2,117.71,35.58,33.59,14.42,32.6,77.95,33.31,21.61,3,critical_care,<5_years,low,1,1,GSI only
V018,bm25,159.83,0,2,201.34,64.18,90.24,23.26,81.63,42.85,92.19,54.93,4,critical_care,<5_years,low,1,0,GSI only
V019,gdt,89.1,1,5,119.15,44.93,59.39,16.05,53.27,61.03,58.11,21.72,1,critical_care,<5_years,high,0,1,GSI only
V019,cma,98.64,1,5,142.35,50.78,65.84,23.02,60.17,57.82,61.88,35.97,2,critical_care,<5_years,high,0,1,GSI only
V019,bm25,117.78,1,5,183.1,58.64,82.34,19.85,79.1,49.28,71.95,49.3,3,critical_care,<5_years,high,0,0,GSI only
V019,control,118.78,1,5,180.3,61.2,85.57,26.93,78.66,40.21,84.58,51.21,4,critical_care,<5_years,high,0,0,GSI only
V020,control,114.37,1,5,187.02,60.49,86.78,11.31,80.0,44.73,83.92,56.21,1,internal_medicine,<5_years,high,1,0,GSI only
V020,gdt,91.42,1,5,133.87,47.73,51.94,12.2,59.08,64.17,58.05,40.93,2,internal_medicine,<5_years,high,1,1,GSI only
V020,cma,94.2,1,5,143.07,48.97,65.54,13.33,60.11,59.83,65.51,29.51,3,internal_medicine,<5_years,high,1,1,GSI only
V020,bm25,117.08,1,5,195.26,60.31,84.64,13.99,84.34,46.58,80.95,51.36,4,internal_medicine,<5_years,high,1,0,GSI only
V021,bm25,24.39,1,1,202.54,40.66,41.97,21.99,38.44,72.64,42.57,26.34,1,emergency,>=5_years,low,0,0,GSI only
V021,cma,20.57,1,1,167.07,30.57,29.94,6.09,25.62,79.54,26.04,16.16,2,emergency,>=5_years,low,0,1,GSI only
V021,gdt,19.27,1,1,134.31,27.56,29.54,5.78,21.06,77.34,20.9,10.71,3,emergency,>=5_years,low,0,1,GSI only
V021,control,24.15,1,1,189.16,38.94,45.84,6.64,36.89,71.66,45.47,27.12,4,emergency,>=5_years,low,0,0,GSI only
V022,bm25,72.21,1,3,179.0,49.61,63.23,18.7,57.86,61.6,63.64,32.66,1,internal_medicine,>=5_years,low,0,0,GSI only
V022,cma,62.7,1,3,135.95,42.26,51.25,15.39,44.89,64.95,49.36,27.73,2,internal_medicine,>=5_years,low,0,1,GSI only
V022,control,64.39,1,3,192.18,48.19,57.12,23.76,49.13,64.14,57.02,37.98,3,internal_medicine,>=5_years,low,0,0,GSI only
V022,gdt,55.36,1,3,126.31,36.53,37.32,15.87,40.0,67.84,37.82,20.3,4,internal_medicine,>=5_years,low,0,1,GSI only
V023,gdt,96.67,1,5,122.26,46.92,64.39,25.82,53.8,57.92,54.66,24.95,1,hospital_medicine,>=5_years,high,2,1,GSI only
V023,control,115.61,1,5,197.16,60.32,79.38,24.11,75.41,51.59,80.81,50.63,2,hospital_medicine,>=5_years,high,2,0,GSI only
V023,bm25,111.86,1,5,196.88,56.73,76.71,17.35,80.3,47.94,76.48,41.61,3,hospital_medicine,>=5_years,high,2,0,GSI only
V023,cma,94.63,1,5,144.75,48.23,67.79,12.49,56.53,62.44,55.91,34.26,4,hospital_medicine,>=5_years,high,2,1,GSI only
V024,gdt,20.67,1,1,121.15,29.25,20.03,8.44,25.4,80.59,27.83,13.21,1,hospital_medicine,>=5_years,low,0,1,GSI only
V024,control,22.53,1,1,227.68,37.82,35.36,17.82,37.38,67.58,49.43,19.37,2,hospital_medicine,>=5_years,low,0,0,GSI only
V024,bm25,19.44,1,1,174.96,37.3,37.97,7.7,39.23,73.36,39.13,26.39,3,hospital_medicine,>=5_years,low,0,0,GSI only
V024,cma,22.22,1,1,173.47,31.29,27.41,5.66,26.6,80.37,32.84,14.87,4,hospital_medicine,>=5_years,low,0,1,GSI only
V025,control,50.39,1,2,169.73,43.35,46.14,14.5,53.89,61.75,54.29,29.55,1,hospital_medicine,>=5_years,low,0,0,GSI only
V025,cma,40.49,1,2,150.72,36.08,38.77,14.59,34.51,72.55,37.06,19.0,2,hospital_medicine,>=5_years,low,0,1,GSI only
V025,gdt,36.32,1,2,113.18,32.84,31.13,13.81,28.54,81.05,30.25,12.23,3,hospital_medicine,>=5_years,low,0,1,GSI only
V025,bm25,43.51,1,2,214.82,44.46,51.86,8.53,49.95,70.36,53.18,32.86,4,hospital_medicine,>=5_years,low,0,0,GSI only
V026,gdt,80.54,1,4,133.86,41.91,51.34,12.66,43.79,68.97,52.02,22.7,1,emergency,>=5_years,high,1,1,GSI only
V026,cma,78.74,1,4,160.98,45.16,54.44,20.24,52.79,62.61,49.71,31.15,2,emergency,>=5_years,high,1,1,GSI only
V026,control,89.09,1,4,188.45,54.74,73.59,16.99,70.2,57.25,74.3,36.13,3,emergency,>=5_years,high,1,0,GSI only
V026,bm25,92.94,1,4,195.84,57.16,72.93,16.64,70.25,60.59,71.54,50.99,4,emergency,>=5_years,high,1,0,GSI only
V027,cma,24.13,1,1,151.03,31.92,25.07,16.96,24.11,76.39,35.56,13.42,1,emergency,>=5_years,low,0,1,GSI only
V027,bm25,26.06,1,1,185.29,40.75,44.65,12.81,40.65,75.97,39.98,30.45,2,emergency,>=5_years,low,0,0,GSI only
V027,gdt,18.24,1,1,150.48,31.93,30.57,11.26,21.34,86.68,22.96,18.77,3,emergency,>=5_years,low,0,1,GSI only
V027,control,21.77,1,1,219.36,37.9,45.42,8.36,36.46,70.44,39.0,27.73,4,emergency,>=5_years,low,0,0,GSI only
V028,control,67.37,1,3,177.57,52.32,66.32,17.15,59.69,64.56,63.5,42.72,1,hospital_medicine,>=5_years,high,2,0,GSI only
V028,gdt,51.42,1,3,131.65,37.06,42.95,8.6,31.89,71.79,42.2,24.93,2,hospital_medicine,>=5_years,high,2,1,GSI only
V028,cma,60.29,1,3,147.17,40.07,43.65,12.26,46.08,67.23,41.63,29.58,3,hospital_medicine,>=5_years,high,2,1,GSI only
V028,bm25,70.67,1,3,180.67,48.03,66.68,13.96,57.42,55.16,51.34,43.63,4,hospital_medicine,>=5_years,high,2,0,GSI only
V029,gdt,18.12,1,1,128.25,30.2,30.02,5.86,18.2,84.89,26.01,16.19,1,hospital_medicine,<5_years,low,0,1,GSI only
V029,bm25,22.15,1,1,220.4,40.22,40.74,17.47,46.49,70.08,42.23,24.31,2,hospital_medicine,<5_years,low,0,0,GSI only
V029,control,20.8,1,1,196.15,37.58,32.45,11.39,42.93,71.56,42.4,24.75,3,hospital_medicine,<5_years,low,0,0,GSI only
V029,cma,19.18,1,1,169.42,31.69,36.93,1.0,34.73,84.16,22.78,10.52,4,hospital_medicine,<5_years,low,0,1,GSI only
V030,cma,39.43,1,2,146.87,35.4,34.24,10.84,38.31,73.16,39.34,16.48,1,internal_medicine,>=5_years,low,0,1,GSI only
V030,control,42.09,1,2,186.25,41.39,37.25,12.69,50.25,70.01,48.18,29.92,2,internal_medicine,>=5_years,low,0,0,GSI only
V030,gdt,40.89,1,2,131.8,35.37,39.54,17.81,30.82,79.81,28.04,16.22,3,internal_medicine,>=5_years,low,0,1,GSI only
V030,bm25,150.56,0,2,176.27,60.9,82.82,19.0,85.92,47.97,82.47,47.21,4,internal_medicine,>=5_years,low,0,0,GSI only
V001,control,23.08,1,1,222.31,39.72,40.78,18.27,34.16,75.72,40.32,29.07,1,emergency,<5_years,low,0,0,JEPA only
V001,gdt,18.52,1,1,130.55,28.11,22.01,3.42,20.44,85.51,30.43,6.83,2,emergency,<5_years,low,0,1,JEPA only
V001,cma,18.87,1,1,149.07,30.54,22.26,11.27,17.72,80.93,33.41,17.65,3,emergency,<5_years,low,0,1,JEPA only
V001,bm25,21.56,1,1,215.39,37.89,45.63,9.55,39.73,65.19,43.43,23.8,4,emergency,<5_years,low,0,0,JEPA only
V002,cma,87.0,1,4,162.94,45.67,51.64,16.71,61.54,68.56,54.65,20.93,1,internal_medicine,<5_years,high,2,1,JEPA only
V002,bm25,90.17,1,4,198.31,54.69,65.0,23.4,71.88,59.8,69.21,38.86,2,internal_medicine,<5_years,high,2,0,JEPA only
V002,gdt,82.28,1,4,122.37,44.08,58.38,9.32,46.6,66.16,55.03,29.01,3,internal_medicine,<5_years,high,2,1,JEPA only
V002,control,95.94,1,4,182.14,52.03,69.08,16.01,70.81,51.02,66.69,38.59,4,internal_medicine,<5_years,high,2,0,JEPA only
V003,control,65.35,1,3,195.06,44.15,58.64,14.44,51.58,61.07,46.81,32.39,1,critical_care,>=5_years,low,0,0,JEPA only
V003,bm25,63.87,1,3,189.56,46.39,58.1,8.12,55.36,61.53,59.68,35.53,2,critical_care,>=5_years,low,0,0,JEPA only
V003,cma,57.67,1,3,140.05,40.77,50.14,17.62,40.91,65.86,46.15,23.95,3,critical_care,>=5_years,low,0,1,JEPA only
V003,gdt,60.24,1,3,122.4,39.83,45.88,19.41,39.44,71.69,44.56,17.98,4,critical_care,>=5_years,low,0,1,JEPA only
V004,bm25,49.8,1,2,193.32,42.18,55.89,13.56,45.47,54.92,50.59,32.66,1,emergency,<5_years,low,0,0,JEPA only
V004,control,41.62,1,2,188.61,38.79,41.77,7.56,50.58,65.68,43.53,23.6,2,emergency,<5_years,low,0,0,JEPA only
V004,cma,42.38,1,2,155.95,36.32,44.99,9.8,36.49,64.29,43.91,18.45,3,emergency,<5_years,low,0,1,JEPA only
V004,gdt,39.34,1,2,120.9,34.62,34.97,13.44,30.68,74.45,34.98,19.19,4,emergency,<5_years,low,0,1,JEPA only
V005,control,21.55,1,1,201.82,37.95,37.92,10.67,45.51,73.12,40.21,20.3,1,critical_care,<5_years,low,0,0,JEPA only
V005,bm25,26.14,1,1,204.35,40.12,41.49,5.93,50.15,70.17,46.82,26.15,2,critical_care,<5_years,low,0,0,JEPA only
V005,cma,21.48,1,1,166.37,32.8,28.92,9.59,24.36,81.95,32.68,19.29,3,critical_care,<5_years,low,0,1,JEPA only
V005,gdt,19.61,1,1,102.72,30.1,31.45,11.64,17.73,80.35,21.61,17.79,4,critical_care,<5_years,low,0,1,JEPA only
V006,control,65.41,1,3,197.62,50.53,67.37,14.24,61.07,70.91,58.09,31.52,1,internal_medicine,>=5_years,low,1,0,JEPA only
V006,bm25,65.39,1,3,199.05,46.78,56.79,12.48,50.41,66.0,55.14,39.85,2,internal_medicine,>=5_years,low,1,0,JEPA only
V006,cma,58.28,1,3,168.56,39.69,45.6,16.53,42.62,67.05,52.05,14.3,3,internal_medicine,>=5_years,low,1,1,JEPA only
V006,gdt,54.69,1,3,120.83,35.81,41.84,14.14,35.94,68.38,37.07,17.46,4,internal_medicine,>=5_years,low,1,1,JEPA only
V007,cma,18.41,1,1,130.53,29.08,25.93,5.8,23.23,75.56,32.55,11.4,1,hospital_medicine,>=5_years,low,0,1,JEPA only
V007,control,21.97,1,1,191.21,39.94,43.17,12.02,36.62,74.12,51.07,22.67,2,hospital_medicine,>=5_years,low,0,0,JEPA only
V007,gdt,16.59,1,1,124.14,29.66,23.13,7.57,32.27,87.11,22.26,5.65,3,hospital_medicine,>=5_years,low,0,1,JEPA only
V007,bm25,25.24,1,1,217.45,40.42,46.15,7.11,46.61,73.04,43.42,26.2,4,hospital_medicine,>=5_years,low,0,0,JEPA only
V008,cma,82.06,1,4,155.52,47.02,55.08,19.15,50.94,69.99,52.64,34.29,1,internal_medicine,>=5_years,high,2,1,JEPA only
V008,control,91.5,1,4,192.61,55.71,74.95,20.02,67.56,54.67,73.13,43.94,2,internal_medicine,>=5_years,high,2,0,JEPA only
V008,gdt,78.09,1,4,129.7,43.74,57.31,17.7,45.3,63.64,53.17,25.34,3,internal_medicine,>=5_years,high,2,1,JEPA only
V008,bm25,84.42,1,4,192.77,51.79,74.2,16.93,66.84,53.32,63.41,36.0,4,internal_medicine,>=5_years,high,2,0,JEPA only
V009,control,19.59,1,1,195.52,39.95,47.02,16.5,35.33,76.57,33.63,30.67,1,internal_medicine,>=5_years,low,0,0,JEPA only
V009,bm25,129.08,0,1,165.32,55.25,77.07,17.75,72.96,50.34,77.62,35.73,2,internal_medicine,>=5_years,low,0,0,JEPA only
V009,gdt,19.93,1,1,126.25,29.23,32.36,7.82,23.5,81.25,22.88,7.56,3,internal_medicine,>=5_years,low,0,1,JEPA only
V009,cma,19.34,1,1,148.66,30.17,22.29,6.58,26.55,82.8,27.79,15.03,4,internal_medicine,>=5_years,low,0,1,JEPA only
V010,cma,41.52,1,2,136.23,35.95,34.73,8.86,39.96,74.59,41.97,15.6,1,emergency,>=5_years,low,0,1,JEPA only
V010,control,48.67,1,2,205.66,42.24,49.97,17.35,51.65,68.76,43.46,22.23,2,emergency,>=5_years,low,0,0,JEPA only
V010,gdt,35.84,1,2,121.81,31.78,26.85,11.98,32.9,82.7,25.84,10.39,3,emergency,>=5_years,low,0,1,JEPA only
V010,bm25,53.71,1,2,188.46,46.71,51.86,15.43,56.91,67.64,51.24,37.17,4,emergency,>=5_years,low,0,0,JEPA only
V011,cma,62.59,1,3,136.84,40.64,49.91,11.51,46.39,72.85,47.59,15.61,1,hospital_medicine,<5_years,low,1,1,JEPA only
V011,control,69.46,1,3,184.94,47.48,60.94,10.01,58.39,57.81,65.67,32.09,2,hospital_medicine,<5_years,low,1,0,JEPA only
V011,gdt,57.56,1,3,130.73,38.5,42.23,17.36,39.07,67.66,45.14,19.57,3,hospital_medicine,<5_years,low,1,1,JEPA only
V011,bm25,67.63,1,3,219.43,49.17,64.18,21.37,60.48,56.16,55.31,37.52,4,hospital_medicine,<5_years,low,1,0,JEPA only
V012,gdt,36.25,1,2,131.51,34.2,38.18,6.57,33.71,76.9,33.62,16.2,1,critical_care,>=5_years,low,0,1,JEPA only
V012,control,45.02,1,2,190.96,47.36,56.78,15.46,55.24,70.05,56.89,29.72,2,critical_care,>=5_years,low,0,0,JEPA only
V012,cma,40.42,1,2,132.06,32.89,31.94,8.42,34.19,72.68,34.2,15.92,3,critical_care,>=5_years,low,0,1,JEPA only
V012,bm25,43.64,1,2,189.56,43.52,51.0,10.98,50.38,66.97,52.42,29.34,4,critical_care,>=5_years,low,0,0,JEPA only
V013,control,87.68,1,4,179.95,50.75,68.83,16.8,64.25,53.45,65.29,35.86,1,emergency,>=5_years,high,0,0,JEPA only
V013,cma,86.43,1,4,151.98,44.83,52.23,21.31,55.57,57.42,56.2,26.22,2,emergency,>=5_years,high,0,1,JEPA only
V013,bm25,92.72,1,4,184.52,53.48,68.76,18.77,71.95,47.71,71.68,41.97,3,emergency,>=5_years,high,0,0,JEPA only
V013,gdt,71.18,1,4,127.96,41.7,49.23,8.76,50.99,70.59,47.63,23.01,4,emergency,>=5_years,high,0,1,JEPA only
V014,control,94.75,1,4,189.68,57.78,78.48,21.27,78.66,54.65,73.03,40.58,1,internal_medicine,<5_years,high,2,0,JEPA only
V014,bm25,92.03,1,4,190.95,55.96,77.24,17.5,71.68,54.96,72.07,42.32,2,internal_medicine,<5_years,high,2,0,JEPA only
V014,cma,80.58,1,4,155.61,46.27,58.26,17.96,46.17,71.2,56.13,27.88,3,internal_medicine,<5_years,high,2,1,JEPA only
V014,gdt,83.25,1,4,129.96,45.61,56.58,20.59,48.91,58.9,56.75,31.96,4,internal_medicine,<5_years,high,2,1,JEPA only
V015,gdt,41.5,1,2,120.88,32.84,35.44,7.64,27.7,73.23,37.69,15.33,1,hospital_medicine,>=5_years,low,1,1,JEPA only
V015,bm25,38.51,1,2,191.79,43.26,51.55,13.29,47.87,69.43,46.91,30.5,2,hospital_medicine,>=5_years,low,1,0,JEPA only
V015,control,42.33,1,2,169.4,40.56,44.92,5.54,50.2,66.21,50.15,26.34,3,hospital_medicine,>=5_years,low,1,0,JEPA only
V015,cma,39.63,1,2,132.01,35.69,42.51,9.01,27.93,75.83,37.59,21.26,4,hospital_medicine,>=5_years,low,1,1,JEPA only
V016,cma,20.5,1,1,166.19,30.88,29.36,13.92,23.92,82.5,26.07,9.53,1,hospital_medicine,<5_years,low,0,1,JEPA only
V016,gdt,19.01,1,1,114.49,27.61,20.59,10.47,23.71,77.94,23.58,9.38,2,hospital_medicine,<5_years,low,0,1,JEPA only
V016,bm25,21.56,1,1,186.05,39.03,36.45,10.78,41.92,70.92,48.94,25.15,3,hospital_medicine,<5_years,low,0,0,JEPA only
V016,control,21.32,1,1,192.96,37.08,43.74,10.61,36.87,77.77,35.09,18.43,4,hospital_medicine,<5_years,low,0,0,JEPA only
V017,bm25,66.93,1,3,189.55,49.19,61.54,20.74,55.06,64.02,64.07,29.71,1,internal_medicine,>=5_years,high,2,0,JEPA only
V017,control,61.84,1,3,180.64,51.89,66.42,12.39,60.71,67.4,64.85,39.59,2,internal_medicine,>=5_years,high,2,0,JEPA only
V017,cma,56.79,1,3,146.1,40.0,49.28,13.21,41.55,65.96,47.03,22.98,3,internal_medicine,>=5_years,high,2,1,JEPA only
V017,gdt,56.25,1,3,132.91,36.55,47.86,2.68,37.02,75.32,34.33,22.09,4,internal_medicine,>=5_years,high,2,1,JEPA only
V018,gdt,41.23,1,2,131.68,33.45,38.67,10.81,33.23,75.37,28.87,13.75,1,critical_care,<5_years,low,1,1,JEPA only
V018,control,45.26,1,2,200.44,44.38,48.3,19.22,49.45,70.74,49.38,29.22,2,critical_care,<5_years,low,1,0,JEPA only
V018,bm25,156.84,0,2,200.01,63.5,81.76,27.59,89.61,51.3,89.24,41.53,3,critical_care,<5_years,low,1,0,JEPA only
V018,cma,42.94,1,2,157.14,34.25,33.32,11.88,33.52,75.64,34.2,16.92,4,critical_care,<5_years,low,1,1,JEPA only
V019,cma,103.27,1,5,143.43,49.22,64.02,24.3,56.74,52.88,62.51,34.86,1,critical_care,<5_years,high,0,1,JEPA only
V019,bm25,110.09,1,5,174.4,59.24,79.64,21.43,79.62,47.02,75.81,51.92,2,critical_care,<5_years,high,0,0,JEPA only
V019,gdt,88.51,1,5,124.54,45.55,61.24,15.88,48.62,64.24,52.8,30.51,3,critical_care,<5_years,high,0,1,JEPA only
V019,control,120.27,1,5,181.7,62.32,82.28,27.87,81.03,47.24,90.56,44.97,4,critical_care,<5_years,high,0,0,JEPA only
V020,bm25,118.99,1,5,191.48,60.64,84.49,21.23,79.98,46.39,82.23,49.54,1,internal_medicine,<5_years,high,1,0,JEPA only
V020,cma,98.44,1,5,130.61,50.26,74.59,17.1,58.33,59.04,50.51,42.0,2,internal_medicine,<5_years,high,1,1,JEPA only
V020,control,115.71,1,5,198.54,60.45,85.7,23.48,78.31,46.01,80.16,49.07,3,internal_medicine,<5_years,high,1,0,JEPA only
V020,gdt,103.61,1,5,125.15,46.12,61.51,20.84,57.93,56.75,51.88,27.8,4,internal_medicine,<5_years,high,1,1,JEPA only
V021,bm25,27.53,1,1,191.44,40.19,46.68,12.33,43.78,71.8,46.23,20.35,1,emergency,>=5_years,low,0,0,JEPA only
V021,control,26.45,1,1,186.49,40.88,47.12,15.06,48.8,69.13,45.82,19.34,2,emergency,>=5_years,low,0,0,JEPA only
V021,gdt,18.48,1,1,114.46,29.58,20.46,15.46,27.58,83.31,24.48,6.18,3,emergency,>=5_years,low,0,1,JEPA only
V021,cma,19.52,1,1,152.1,28.46,31.12,8.37,18.53,79.28,23.71,9.78,4,emergency,>=5_years,low,0,1,JEPA only
V022,bm25,64.61,1,3,194.72,48.99,54.66,15.74,54.77,73.59,62.75,32.43,1,internal_medicine,>=5_years,low,0,0,JEPA only
V022,gdt,57.76,1,3,115.65,36.52,41.09,12.11,40.52,76.16,35.85,13.38,2,internal_medicine,>=5_years,low,0,1,JEPA only
V022,cma,59.61,1,3,147.05,39.54,53.02,7.63,38.35,67.33,47.27,23.67,3,internal_medicine,>=5_years,low,0,1,JEPA only
V022,control,68.73,1,3,180.28,49.43,59.9,18.87,63.29,61.97,56.42,36.16,4,internal_medicine,>=5_years,low,0,0,JEPA only
V023,bm25,114.19,1,5,180.45,58.92,81.21,15.03,74.9,46.26,86.02,50.11,1,hospital_medicine,>=5_years,high,2,0,JEPA only
V023,cma,106.52,1,5,153.82,52.18,69.54,23.16,65.68,53.69,68.17,32.82,2,hospital_medicine,>=5_years,high,2,1,JEPA only
V023,gdt,99.9,1,5,132.17,46.59,65.97,22.55,49.17,56.58,55.07,30.2,3,hospital_medicine,>=5_years,high,2,1,JEPA only
V023,control,118.01,1,5,181.4,59.22,80.44,22.39,81.36,51.53,76.78,42.82,4,hospital_medicine,>=5_years,high,2,0,JEPA only
V024,cma,19.63,1,1,125.68,31.75,29.51,8.89,26.02,80.97,31.01,14.07,1,hospital_medicine,>=5_years,low,0,1,JEPA only
V024,gdt,19.97,1,1,145.64,26.46,28.35,4.14,21.81,77.71,24.78,1.98,2,hospital_medicine,>=5_years,low,0,1,JEPA only
V024,control,20.43,1,1,183.75,37.27,38.05,12.22,38.43,66.6,39.62,28.72,3,hospital_medicine,>=5_years,low,0,0,JEPA only
V024,bm25,22.47,1,1,183.85,39.75,41.64,9.61,42.65,75.59,37.43,31.56,4,hospital_medicine,>=5_years,low,0,0,JEPA only
V025,control,44.33,1,2,166.14,47.86,56.26,12.94,57.33,65.77,56.72,38.16,1,hospital_medicine,>=5_years,low,0,0,JEPA only
V025,cma,39.72,1,2,138.71,34.01,41.25,6.29,31.95,69.42,36.44,18.7,2,hospital_medicine,>=5_years,low,0,1,JEPA only
V025,bm25,51.26,1,2,178.81,43.97,56.03,13.3,50.81,62.57,47.01,34.11,3,hospital_medicine,>=5_years,low,0,0,JEPA only
V025,gdt,36.91,1,2,128.0,32.97,35.06,10.57,31.12,81.72,26.06,13.28,4,hospital_medicine,>=5_years,low,0,1,JEPA only
V026,control,91.67,1,4,203.95,54.91,66.45,16.56,70.17,52.81,75.1,48.38,1,emergency,>=5_years,high,1,0,JEPA only
V026,cma,84.9,1,4,137.82,45.69,58.18,24.01,47.28,65.07,51.56,28.06,2,emergency,>=5_years,high,1,1,JEPA only
V026,bm25,98.93,1,4,186.12,56.53,76.95,21.14,68.39,55.08,68.19,49.46,3,emergency,>=5_years,high,1,0,JEPA only
V026,gdt,73.31,1,4,130.12,41.31,54.88,20.8,39.25,67.08,46.32,19.51,4,emergency,>=5_years,high,1,1,JEPA only
V027,cma,28.06,1,1,125.33,33.26,37.0,8.84,27.32,82.39,36.83,7.18,1,emergency,>=5_years,low,0,1,JEPA only
V027,bm25,24.67,1,1,196.24,39.39,42.27,9.36,47.2,69.22,40.72,27.6,2,emergency,>=5_years,low,0,0,JEPA only
V027,gdt,18.87,1,1,131.09,27.4,22.98,1.23,20.16,78.29,27.76,13.99,3,emergency,>=5_years,low,0,1,JEPA only
V027,control,19.96,1,1,168.88,37.17,41.88,15.94,30.46,73.55,41.25,19.95,4,emergency,>=5_years,low,0,0,JEPA only
V028,bm25,68.9,1,3,168.88,49.91,59.92,20.4,64.98,59.89,61.62,32.66,1,hospital_medicine,>=5_years,high,2,0,JEPA only
V028,control,76.45,1,3,194.59,51.74,69.52,20.52,58.55,59.57,66.85,35.47,2,hospital_medicine,>=5_years,high,2,0,JEPA only
V028,cma,66.27,1,3,137.05,43.17,51.85,19.24,44.87,67.91,45.86,29.32,3,hospital_medicine,>=5_years,high,2,1,JEPA only
V028,gdt,57.44,1,3,120.88,38.37,45.84,16.4,34.6,74.35,41.7,17.34,4,hospital_medicine,>=5_years,high,2,1,JEPA only
V029,cma,17.65,1,1,152.83,30.34,29.74,4.23,28.85,79.46,24.49,15.26,1,hospital_medicine,<5_years,low,0,1,JEPA only
V029,bm25,27.59,1,1,170.37,41.02,47.36,14.52,39.62,72.2,44.84,27.56,2,hospital_medicine,<5_years,low,0,0,JEPA only
V029,gdt,22.03,1,1,114.41,26.56,26.27,5.27,17.41,81.18,20.76,8.49,3,hospital_medicine,<5_years,low,0,1,JEPA only
V029,control,20.35,1,1,153.99,36.8,47.41,10.7,31.63,71.56,39.37,20.16,4,hospital_medicine,<5_years,low,0,0,JEPA only
V030,gdt,37.11,1,2,126.83,32.32,32.94,4.78,32.52,77.47,28.04,18.18,1,internal_medicine,>=5_years,low,0,1,JEPA only
V030,bm25,149.95,0,2,193.47,61.09,88.88,17.95,76.07,49.8,84.99,48.87,2,internal_medicine,>=5_years,low,0,0,JEPA only
V030,cma,40.65,1,2,124.01,40.25,53.16,10.01,33.39,76.06,43.57,25.29,3,internal_medicine,>=5_years,low,0,1,JEPA only
V030,control,45.29,1,2,175.35,43.48,46.09,14.66,49.27,66.25,52.61,31.99,4,internal_medicine,>=5_years,low,0,0,JEPA only
