vignette_id,condition,time_to_info,accuracy,n_queries_issued,latency_ms,cognitive_load,tlx_mental,tlx_physical,tlx_temporal,tlx_performance,tlx_effort,tlx_frustration,period,specialty,experience_group,complexity,n_pivots,condition_code
V001,control,26.67,1,1,177.55,38.26,47.12,12.84,32.1,70.19,41.74,25.6,1,emergency,<5_years,low,0,0
V002,control,91.22,1,4,185.99,52.57,70.27,18.77,63.74,55.87,69.07,37.68,2,internal_medicine,<5_years,high,2,0
V003,control,65.67,1,3,185.29,48.22,56.29,16.21,49.38,68.02,62.83,36.61,2,critical_care,>=5_years,low,0,0
V004,control,46.45,1,2,149.9,46.2,54.24,20.61,51.63,68.6,52.43,29.71,3,emergency,<5_years,low,0,0
V005,control,23.14,1,1,172.02,38.85,40.1,18.75,39.58,69.19,38.42,27.08,3,critical_care,<5_years,low,0,0
V006,control,64.09,1,3,211.86,49.36,60.42,25.01,61.08,63.64,53.95,32.08,2,internal_medicine,>=5_years,low,1,0
V007,control,22.32,1,1,179.15,38.09,42.21,12.02,35.16,69.66,41.55,27.95,1,hospital_medicine,>=5_years,low,0,0
V008,control,95.87,1,4,198.49,53.63,72.71,16.92,64.56,52.92,66.49,48.18,1,internal_medicine,>=5_years,high,2,0
V009,control,22.11,1,1,182.35,36.06,43.82,0.0,38.22,68.86,38.83,26.64,2,internal_medicine,>=5_years,low,0,0
V010,control,41.71,1,2,196.69,41.39,51.8,8.35,50.68,64.92,49.42,23.17,4,emergency,>=5_years,low,0,0
V011,control,75.9,1,3,178.02,51.44,64.24,20.23,69.11,58.86,57.8,38.4,4,hospital_medicine,<5_years,low,1,0
V012,control,48.86,1,2,200.43,44.62,55.04,13.94,52.99,68.32,49.46,27.95,3,critical_care,>=5_years,low,0,0
V013,control,94.22,1,4,201.09,54.26,68.26,15.62,68.3,58.73,74.23,40.39,2,emergency,>=5_years,high,0,0
V014,control,86.64,1,4,185.34,51.74,73.44,18.25,63.5,51.93,65.95,37.36,1,internal_medicine,<5_years,high,2,0
V015,control,45.31,1,2,185.94,46.55,54.07,15.31,50.86,68.28,55.01,35.76,1,hospital_medicine,>=5_years,low,1,0
V016,control,20.32,1,1,196.71,40.6,42.14,19.6,41.2,72.26,40.6,27.79,1,hospital_medicine,<5_years,low,0,0
V017,control,68.93,1,3,192.06,49.46,56.1,16.14,63.31,63.98,54.96,42.28,1,internal_medicine,>=5_years,high,2,0
V018,control,46.51,1,2,185.86,42.47,47.57,16.23,52.79,63.49,46.99,27.72,4,critical_care,<5_years,low,1,0
V019,control,118.57,1,5,181.67,57.69,87.22,18.99,69.48,47.78,77.45,45.22,4,critical_care,<5_years,high,0,0
V020,control,110.82,1,5,201.56,60.15,82.89,18.98,78.56,52.07,77.76,50.64,3,internal_medicine,<5_years,high,1,0
V021,control,22.76,1,1,156.09,36.72,41.48,12.77,32.2,70.65,40.24,22.99,1,emergency,>=5_years,low,0,0
V022,control,67.74,1,3,194.04,48.42,54.81,17.51,51.75,60.94,61.78,43.73,2,internal_medicine,>=5_years,low,0,0
V023,control,112.67,1,5,200.77,60.47,82.4,20.36,75.85,52.26,84.74,47.18,2,hospital_medicine,>=5_years,high,2,0
V024,control,24.43,1,1,190.23,38.47,44.71,10.95,42.93,75.11,38.6,18.53,4,hospital_medicine,>=5_years,low,0,0
V025,control,56.51,1,2,181.14,45.27,57.73,15.31,54.74,63.1,55.98,24.76,1,hospital_medicine,>=5_years,low,0,0
V026,control,93.59,1,4,178.15,52.28,74.22,17.43,66.42,51.74,70.03,33.85,1,emergency,>=5_years,high,1,0
V027,control,21.31,1,1,150.52,39.22,39.96,7.92,44.73,73.78,42.46,26.48,2,emergency,>=5_years,low,0,0
V028,control,73.94,1,3,173.48,50.04,58.63,21.19,68.19,55.52,63.77,32.95,3,hospital_medicine,>=5_years,high,2,0
V029,control,20.71,1,1,186.84,39.09,43.42,13.75,42.41,71.44,40.86,22.63,1,hospital_medicine,<5_years,low,0,0
V030,control,45.14,1,2,181.26,43.88,45.51,17.64,51.62,70.68,50.73,27.12,3,internal_medicine,>=5_years,low,0,0
V001,bm25,19.87,1,1,171.41,38.06,46.29,8.95,35.07,71.23,40.14,26.68,4,emergency,<5_years,low,0,0
V002,bm25,94.0,1,4,193.91,55.46,65.77,16.96,78.44,52.89,73.89,44.81,4,internal_medicine,<5_years,high,2,0
V003,bm25,72.15,1,3,185.69,49.97,61.13,24.67,58.23,53.24,62.45,40.08,3,critical_care,>=5_years,low,0,0
V004,bm25,44.45,1,2,193.58,42.72,49.95,5.18,47.75,70.97,51.25,31.22,4,emergency,<5_years,low,0,0
V005,bm25,23.16,1,1,202.88,36.52,34.7,8.09,34.67,76.07,40.37,25.2,2,critical_care,<5_years,low,0,0
V006,bm25,69.78,1,3,185.9,50.87,60.97,25.15,61.07,63.71,59.62,34.71,3,internal_medicine,>=5_years,low,1,0
V007,bm25,21.84,1,1,181.32,40.09,47.85,19.49,38.27,68.77,41.77,24.39,4,hospital_medicine,>=5_years,low,0,0
V008,bm25,88.83,1,4,185.54,49.65,68.42,11.17,66.29,51.71,64.5,35.8,4,internal_medicine,>=5_years,high,2,0
V009,bm25,126.45,0,1,187.34,58.72,73.99,25.78,76.28,57.08,71.0,48.2,4,internal_medicine,>=5_years,low,0,0
V010,bm25,43.43,1,2,189.13,42.94,50.11,10.51,49.42,71.77,50.11,25.72,2,emergency,>=5_years,low,0,0
V011,bm25,70.95,1,3,188.49,52.85,65.79,22.83,55.88,65.25,65.45,41.9,1,hospital_medicine,<5_years,low,1,0
V012,bm25,48.38,1,2,221.31,43.11,52.94,14.67,47.19,65.57,46.53,31.78,4,critical_care,>=5_years,low,0,0
V013,bm25,93.91,1,4,184.83,53.61,72.63,12.21,65.28,49.24,78.28,44.01,1,emergency,>=5_years,high,0,0
V014,bm25,99.42,1,4,201.12,51.87,72.84,20.47,67.56,45.74,61.52,43.08,2,internal_medicine,<5_years,high,2,0
V015,bm25,41.85,1,2,191.02,44.7,51.95,12.74,56.31,68.51,55.55,23.11,3,hospital_medicine,>=5_years,low,1,0
V016,bm25,21.58,1,1,191.69,39.39,38.25,11.7,41.2,79.35,40.68,25.19,3,hospital_medicine,<5_years,low,0,0
V017,bm25,68.48,1,3,171.8,50.08,66.87,14.93,60.74,61.81,62.51,33.63,3,internal_medicine,>=5_years,high,2,0
V018,bm25,150.89,0,2,186.85,61.85,85.72,27.34,86.88,40.34,76.66,54.15,2,critical_care,<5_years,low,1,0
V019,bm25,115.71,1,5,192.06,59.6,87.33,22.42,73.11,46.18,78.78,49.76,2,critical_care,<5_years,high,0,0
V020,bm25,122.76,1,5,185.04,62.66,78.76,27.25,79.99,51.63,79.46,58.84,2,internal_medicine,<5_years,high,1,0
V021,bm25,22.34,1,1,188.63,39.5,45.33,10.87,42.47,73.06,36.82,28.44,2,emergency,>=5_years,low,0,0
V022,bm25,65.54,1,3,193.12,49.59,68.98,12.25,63.1,63.91,52.9,36.4,1,internal_medicine,>=5_years,low,0,0
V023,bm25,116.4,1,5,206.81,62.2,83.82,30.65,80.36,48.5,79.58,50.28,4,hospital_medicine,>=5_years,high,2,0
V024,bm25,21.1,1,1,173.44,39.3,39.63,9.02,40.58,71.78,45.17,29.6,1,hospital_medicine,>=5_years,low,0,0
V025,bm25,45.0,1,2,195.51,42.07,45.82,12.57,49.93,64.52,54.63,24.95,2,hospital_medicine,>=5_years,low,0,0
V026,bm25,102.55,1,4,197.31,56.4,72.0,29.25,70.51,46.32,73.82,46.47,4,emergency,>=5_years,high,1,0
V027,bm25,21.79,1,1,178.34,40.51,41.88,5.88,49.47,76.59,41.79,27.45,3,emergency,>=5_years,low,0,0
V028,bm25,70.06,1,3,201.7,50.97,63.69,13.89,62.79,58.56,70.37,36.52,1,hospital_medicine,>=5_years,high,2,0
V029,bm25,23.56,1,1,178.93,40.05,40.98,9.5,41.57,72.38,43.85,32.04,2,hospital_medicine,<5_years,low,0,0
V030,bm25,152.08,0,2,195.14,59.26,80.46,16.95,83.63,50.5,73.54,50.47,1,internal_medicine,>=5_years,low,0,0
V001,cma,22.65,1,1,172.32,32.94,31.99,7.74,31.82,73.37,36.36,16.36,3,emergency,<5_years,low,0,1
V002,cma,79.49,1,4,144.55,44.38,58.99,18.25,45.23,63.97,49.56,30.3,3,internal_medicine,<5_years,high,2,1
V003,cma,63.69,1,3,147.64,42.67,48.17,20.29,41.48,75.06,42.69,28.36,1,critical_care,>=5_years,low,0,1
V004,cma,40.84,1,2,138.62,36.24,45.73,9.48,36.61,73.7,33.21,18.7,1,emergency,<5_years,low,0,1
V005,cma,20.02,1,1,126.77,29.58,27.29,5.84,29.74,75.61,24.87,14.13,1,critical_care,<5_years,low,0,1
V006,cma,58.07,1,3,146.53,41.71,41.84,11.83,51.93,70.82,42.41,31.46,4,internal_medicine,>=5_years,low,1,1
V007,cma,20.78,1,1,154.02,30.95,33.04,13.26,28.77,72.06,27.67,10.92,3,hospital_medicine,>=5_years,low,0,1
V008,cma,79.37,1,4,147.05,45.64,59.35,12.55,50.95,69.57,52.09,29.34,2,internal_medicine,>=5_years,high,2,1
V009,cma,21.13,1,1,142.64,28.25,31.01,3.81,21.7,80.07,23.92,8.97,3,internal_medicine,>=5_years,low,0,1
V010,cma,41.19,1,2,140.34,38.11,45.27,16.22,32.12,73.27,37.08,24.7,3,emergency,>=5_years,low,0,1
V011,cma,52.01,1,3,157.92,35.54,44.83,4.65,36.09,70.14,38.88,18.63,2,hospital_medicine,<5_years,low,1,1
V012,cma,41.57,1,2,156.74,36.31,42.19,9.98,34.45,70.99,37.41,22.82,2,critical_care,>=5_years,low,0,1
V013,cma,84.96,1,4,128.84,43.21,52.67,17.43,45.79,64.77,50.06,28.52,3,emergency,>=5_years,high,0,1
V014,cma,78.71,1,4,153.36,43.63,51.98,12.43,56.88,57.05,50.43,33.04,3,internal_medicine,<5_years,high,2,1
V015,cma,42.99,1,2,151.09,33.56,34.76,9.69,29.19,70.28,37.35,20.13,4,hospital_medicine,>=5_years,low,1,1
V016,cma,18.43,1,1,141.4,33.23,23.77,9.41,28.55,86.45,39.12,12.09,2,hospital_medicine,<5_years,low,0,1
V017,cma,56.89,1,3,140.39,39.13,44.54,10.31,46.52,65.42,45.6,22.39,4,internal_medicine,>=5_years,high,2,1
V018,cma,40.66,1,2,162.04,35.76,42.26,12.09,31.89,72.5,41.37,14.44,3,critical_care,<5_years,low,1,1
V019,cma,101.73,1,5,136.24,49.46,59.08,20.39,61.2,54.89,65.17,36.04,1,critical_care,<5_years,high,0,1
V020,cma,99.52,1,5,139.62,50.55,65.51,16.86,66.84,57.28,62.48,34.33,4,internal_medicine,<5_years,high,1,1
V021,cma,20.18,1,1,139.88,30.83,28.81,4.83,29.03,75.61,27.27,19.42,4,emergency,>=5_years,low,0,1
V022,cma,66.18,1,3,144.52,41.2,52.02,17.7,46.14,60.71,46.28,24.33,3,internal_medicine,>=5_years,low,0,1
V023,cma,105.01,1,5,135.46,50.86,71.18,20.1,58.02,58.31,63.4,34.18,1,hospital_medicine,>=5_years,high,2,1
V024,cma,17.81,1,1,145.65,28.25,28.69,9.38,24.33,78.45,24.89,3.74,2,hospital_medicine,>=5_years,low,0,1
V025,cma,41.02,1,2,126.88,36.44,37.64,11.24,42.3,72.63,41.11,13.7,3,hospital_medicine,>=5_years,low,0,1
V026,cma,79.51,1,4,145.88,46.01,49.29,20.67,54.74,62.64,53.32,35.42,2,emergency,>=5_years,high,1,1
V027,cma,20.44,1,1,131.5,33.05,34.9,8.52,36.49,75.21,29.94,13.26,4,emergency,>=5_years,low,0,1
V028,cma,55.27,1,3,141.77,39.21,52.28,9.06,35.82,71.24,44.48,22.36,2,hospital_medicine,>=5_years,high,2,1
V029,cma,24.47,1,1,137.86,35.5,32.23,13.81,33.46,80.51,29.05,23.95,3,hospital_medicine,<5_years,low,0,1
V030,cma,37.07,1,2,137.38,38.07,33.1,10.01,38.83,74.8,40.1,31.58,2,internal_medicine,>=5_years,low,0,1
V001,gdt,16.45,1,1,132.13,28.27,20.38,10.13,21.14,79.48,24.46,14.03,2,emergency,<5_years,low,0,1
V002,gdt,76.45,1,4,120.61,41.9,49.56,13.51,43.6,68.54,44.01,32.18,1,internal_medicine,<5_years,high,2,1
V003,gdt,59.84,1,3,138.29,39.16,47.63,8.34,35.07,74.27,46.56,23.1,4,critical_care,>=5_years,low,0,1
V004,gdt,40.37,1,2,121.2,33.65,36.69,12.37,30.39,79.3,31.49,11.64,2,emergency,<5_years,low,0,1
V005,gdt,23.41,1,1,137.26,30.14,20.74,10.31,20.62,85.07,32.99,11.09,4,critical_care,<5_years,low,0,1
V006,gdt,56.15,1,3,122.85,37.77,49.2,14.52,38.84,67.81,37.28,18.95,1,internal_medicine,>=5_years,low,1,1
V007,gdt,19.73,1,1,131.74,28.7,29.27,11.88,21.47,81.74,18.15,9.71,2,hospital_medicine,>=5_years,low,0,1
V008,gdt,73.99,1,4,128.98,40.02,51.45,14.39,45.75,60.01,45.33,23.18,3,internal_medicine,>=5_years,high,2,1
V009,gdt,16.47,1,1,116.07,31.65,30.05,7.81,28.23,89.14,22.43,12.25,1,internal_medicine,>=5_years,low,0,1
V010,gdt,34.31,1,2,114.56,31.7,27.34,9.48,28.32,83.78,26.74,14.56,1,emergency,>=5_years,low,0,1
V011,gdt,61.2,1,3,116.55,37.81,46.15,7.22,42.1,69.6,40.19,21.61,3,hospital_medicine,<5_years,low,1,1
V012,gdt,38.84,1,2,134.25,35.48,36.88,13.24,35.81,76.44,38.52,12.0,1,critical_care,>=5_years,low,0,1
V013,gdt,73.88,1,4,133.74,40.32,49.61,13.19,40.4,66.02,41.74,30.99,4,emergency,>=5_years,high,0,1
V014,gdt,77.27,1,4,120.65,43.28,54.72,19.87,41.13,70.76,49.55,23.62,4,internal_medicine,<5_years,high,2,1
V015,gdt,37.48,1,2,131.62,31.15,33.15,6.46,26.97,68.96,34.71,16.66,2,hospital_medicine,>=5_years,low,1,1
V016,gdt,20.05,1,1,133.35,31.1,27.66,9.5,23.66,86.84,28.7,10.23,4,hospital_medicine,<5_years,low,0,1
V017,gdt,55.86,1,3,127.07,37.23,39.89,11.01,38.88,77.13,40.34,16.11,2,internal_medicine,>=5_years,high,2,1
V018,gdt,39.57,1,2,131.18,32.01,29.61,10.77,32.7,70.83,27.77,20.36,1,critical_care,<5_years,low,1,1
V019,gdt,95.92,1,5,124.73,46.63,63.1,16.38,50.0,60.25,54.88,35.16,3,critical_care,<5_years,high,0,1
V020,gdt,98.63,1,5,125.46,46.47,56.11,14.32,56.84,56.41,64.61,30.53,1,internal_medicine,<5_years,high,1,1
V021,gdt,18.09,1,1,125.01,28.46,20.69,9.87,22.2,83.66,22.24,12.12,3,emergency,>=5_years,low,0,1
V022,gdt,54.49,1,3,135.27,36.56,39.39,15.44,36.01,66.06,46.25,16.2,4,internal_medicine,>=5_years,low,0,1
V023,gdt,101.11,1,5,128.85,47.57,56.28,16.9,52.77,65.79,62.54,31.15,3,hospital_medicine,>=5_years,high,2,1
V024,gdt,18.07,1,1,119.71,27.87,24.39,3.15,26.04,75.39,31.49,6.75,3,hospital_medicine,>=5_years,low,0,1
V025,gdt,46.09,1,2,127.63,33.7,40.59,2.71,31.03,76.91,35.01,15.95,4,hospital_medicine,>=5_years,low,0,1
V026,gdt,76.79,1,4,130.63,41.55,51.3,14.97,44.25,61.67,52.37,24.76,3,emergency,>=5_years,high,1,1
V027,gdt,19.95,1,1,137.7,28.75,25.93,6.11,19.78,83.49,25.84,11.35,1,emergency,>=5_years,low,0,1
V028,gdt,57.54,1,3,114.64,37.9,48.21,10.36,35.2,69.34,38.82,25.45,4,hospital_medicine,>=5_years,high,2,1
V029,gdt,22.32,1,1,128.77,25.4,24.38,0.15,26.71,70.89,23.89,6.38,4,hospital_medicine,<5_years,low,0,1
V030,gdt,39.06,1,2,125.17,33.07,37.76,8.75,32.47,68.7,35.5,15.24,4,internal_medicine,>=5_years,low,0,1
